Workbook

Sheet Sheet1
A1: ANSWERS | Q1: esse | R1: Die | S1: auf | T1: keinen | U1: hat | V1: eine | W1: kann | X1: gehst | Y1: einen | Z1: hören | AA1: weil | AB1: ist | AC1: der | AD1: an | AE1: die | AF1: mich | AG1: einen | AH1: Gestern bin ich spät aufgewacht. | AI1: Sprechen | AJ1: gestern | AK1: Der Mann, der dort steht, ist mein Lehrer. | AL1: wäre | AM1: der | AN1: der neuen | AO1: Er hat mich gefragt, wann der Zug abfährt. | AP1: zu | AQ1: Ich weiß nicht, ob er morgen kommt. | AR1: Wenn ich mehr Zeit hätte, würde ich Sport machen. | AS1: anrufen | AT1: Obwohl es regnet, gehen wir spazieren. | AU1: Die von der Regierung beschlossenen Maßnahmen treten morgen in Kraft. | AV1: Nicht nur das Wetter, sondern auch die Organization war schlecht. | AW1: Auswertung | AX1: Wäre er früher gekommen, hätte er den Zug noch erreicht. | AY1: hätte | AZ1: Er will den Fehler nicht gemacht haben. | BA1: Er muss das Buch gelesen haben. | BB1: Die Durchführung des Experiments erfordert Geduld. | BC1: Das Haus soll nächstes Jahr renoviert werden. | BD1: bedarf | BE1: stieß | BF1: Das ist halt so, daran kann man nichts ändern. | BG1: Indem man die Daten analysiert, lassen sich Muster erkennen. | BH1: Wenngleich die Studie Schwächen aufweist, liefert sie wertvolle Erkenntnisse. | BI1: Die Ministerin erklärte, sie werde alle Maßnahmen prüfen. | BJ1: Die sich zuspitzende Lage erfordert sofortiges Handeln. | BK1: darauf | BL1: Professor Müller, ein erfahrener Forscher, widersprach der Theorie. | BM1: dessen | BN1: bleibt
A2: ID | B2: Start time | C2: Completion time | D2: Email | E2: Wilt u deelnemen aan het onderzoek? | F2: In welke leeftijdscategorie valt u? | G2: Wat is het hoogste opleidingsniveau waarvoor u bent geslaagd? | H2: Hoe ver woont u van de Duitse grens? (in km) | I2: Heeft u ooit in Duitsland gewoond of gewerkt? | J2: Heeft u een Duitse familielid of kennis? | K2: Hoe vaak gebruikt u Duits in het dagelijks leven? | L2: In welke situaties gebruikt u Duits? | M2: Heeft u interesse in het leren van een vreemde taal in het algemeen? | N2: Heeft u interesse in het leren van Duits? | O2: Vindt u dat Duits voor Nederlanders een belangrijke taal is om te leren? | P2: Voor dat u met de taaltoets begint, hoe goed schat u uw eigen Duits in? | Q2: 13. Ich ___ gern Pizza. | R2: 14. ___ Kinder spielen im Park. | S2: Die Lampe steht ___ dem Tisch. | T2: Ich habe ___ Hund. | U2: Er ___ zwei Schwestern. | V2: Das ist ___ Tasche. | W2: Mein Bruder ___ sehr gut kochen. | X2: Wann ___ du nach Hause? | Y2: Ich trinke ___ Kaffee. | Z2: Wir ___ gern Musik. | AA2: Ich lerne Deutsch, ___ ich in Deutschland arbeiten will. | AB2: Er ___ gestern nach Berlin gefahren. | AC2: Ich gebe ___ Frau die Blumen. | AD2: Das Bild hängt ___ der Wand. | AE2: Ich gehe in ___ Schule. | AF2: Ich freue ___ auf den Urlaub. | AG2: Ich habe ___ neuen Computer gekauft. | AH2: Welke zin is juist? | AI2: ___ Sie bitte langsamer! | AJ2: Das Kind hat sich ___ erkältet. | AK2: Welcher Satz verwendet den Relativsatz richtig? | AL2: Wenn ich reich ___, würde ich um die Welt reisen. | AM2: Das ist die Frau, ___ ich gestern geholfen habe. | AN2: Ich helfe ___ Kollegin gern. | AO2: Welke zin is grammaticaal correct? | AP2: Es ist wichtig, viel Wasser ___ trinken. | AQ2: Welke zin is grammaticaal correct?2 | AR2: Welke zin drukt een (onrealistische) wens uit? | AS2: Ich werde dich morgen ___. | AT2: Welke zin is correct? | AU2: In welke zin is het Duitse deelwoord grammaticaal correct gebruikt? | AV2: Welke zin is stylistisch en grammaticaal correct? | AW2: Die ___ der Ergebnisse dauert noch an. | AX2: Welke zin is grammaticaal correct?3 | AY2: Er behauptet, er ___ nichts davon gewusst. | AZ2: Welke zin is correct? | BA2: Welke zin drukt een vermoeden over het verleden uit? | BB2: In welke zin is een werkwoord correct als zelfstandig naamwoord gebruikt? | BC2: Welke zin is grammaticaal correct?4 | BD2: Die Frage ___ noch einer Klärung. | BE2: Die Entscheidung ___ auf heftigen Widerstand. | BF2: Welke zin gebruikt de Duitse 'gevoelswoordjes' (zoals 'halt' of 'eben') op de juiste manier? | BG2: Welke zin is stylistisch en grammaticaal correct?2 | BH2: Welke zin drukt een tegenstelling (met 'hoewel') grammaticaal correct uit? | BI2: In welke zin wordt de uitspraak van de minister op de grammaticaal juiste manier naverteld? | BJ2: Welke zin is grammaticaal correct?5 | BK2: Die Studie lässt ___ schließen, dass weitere Forschung nötig ist. | BL2: Welke zin bevat de juiste bijzin? | BM2: Der Bericht, ___ Ergebnisse kontrovers diskutiert wurden, liegt nun vor. | BN2: Es ___ noch zu klären, inwieweit diese Regelung anwendbar ist.
A3: 19 | B3: 46152.535 | C3: 46152.544 | D3: anonymous | E3: Ja | F3: 18-40 | G3: MBO | H3: 30 | I3: Nee | J3: Nee | K3: Nooit | L3: Vakantie; | M3: Ja | N3: Nee | O3: Ja | P3: 1 | Q3: esse | R3: Der | S3: auf | T3: keinen | U3: haben | V3: eine | W3: kann | X3: gehst | Y3: eine | Z3: hören | AA3: weil | AB3: wurde | AC3: die | AD3: auf | AE3: den | AF3: mich | AG3: ein | AH3: Gestern bin ich spät aufgewacht. | AI3: Sprich | AJ3: gestern | AK3: Der Mann, den dort steht, ist mein Lehrer. | AL3: bin | AM3: die | AN3: die neue | AO3: Er hat mich gefragt, wann fährt der Zug ab. | AP3: für | AQ3: Ich weiß nicht, ob er kommt morgen. | AR3: Wenn ich mehr Zeit habe, werde ich Sport machen. | AS3: anrufe | AT3: Obwohl regnet es, gehen wir spazieren. | AU3: Die von der Regierung beschlossenen Maßnahmen treten morgen in Kraft. | AV3: Nicht nur das Wetter, sondern auch schlecht war die Organization. | AW3: Auswerten | AX3: Wäre er früher gekommen, würde er den Zug noch erreichen. | AY3: hätte | AZ3: Er will den Fehler nicht gemacht haben. | BA3: Er muss das Buch gelesen hatte. | BB3: Die Durchführung des Experiments erfordert Geduld. | BC3: Das Haus soll nächstes Jahr renoviert worden. | BD3: benötigt | BE3: stieß | BF3: Das ist eben so, daran kann man ruhig ändern. | BG3: Indem man die Daten analysiert, lassen sich Muster erkennen. | BH3: Wenngleich die Studie Schwächen aufweist, sie liefert wertvolle Erkenntnisse. | BI3: Die Ministerin erklärte, sie wird alle Maßnahmen prüfen. | BJ3: Die zugespitzte sich Lage erfordert sofortiges Handeln. | BK3: damit | BL3: Professor Müller, ein erfahrener Forscher, widersprach der Theorie. | BM3: derer | BN3: steht
A4: 20 | B4: 46152.539 | C4: 46152.547 | D4: anonymous | E4: Ja | F4: 18-40 | G4: HBO | H4: 70 | I4: Nee | J4: Nee | K4: Soms | L4: Werk;Boodschappen; | M4: Ja | N4: Nee | O4: Ja | P4: 2 | Q4: esse | R4: Die | S4: auf | T4: kein | U4: hat | V4: eine | W4: kann | X4: gehst | Y4: eine | Z4: hören | AA4: weil | AB4: hat | AC4: die | AD4: an | AE4: die | AF4: mich | AG4: einen | AH4: Gestern bin ich spät aufgewacht. | AI4: Sprechen | AJ4: gestern | AK4: Der Mann, den dort steht, ist mein Lehrer. | AL4: wäre | AM4: der | AN4: die neue | AO4: Er hat mich gefragt, wann der Zug abfährt. | AP4: zu | AQ4: Ich weiß nicht, ob er morgen kommt. | AR4: Wenn ich mehr Zeit hätte, würde ich Sport machen. | AS4: anrufen | AT4: Obwohl es regnet, gehen wir spazieren. | AU4: Die von der Regierung beschlossenen Maßnahmen treten morgen in Kraft. | AV4: Nicht nur das Wetter, aber auch die Organization war schlecht. | AW4: Auswertung | AX4: Wäre er früher gekommen, hätte er den Zug noch erreicht. | AY4: hat | AZ4: Er will den Fehler nicht gemacht haben. | BA4: Er muss das Buch gelesen haben. | BB4: Das Durchführen des Experiments erfordert Geduld. | BC4: Das Haus soll nächstes Jahr renoviert werden. | BD4: braucht | BE4: stieß | BF4: Das ist halt so, daran kann man schon nichts ändern. | BG4: Indem man die Daten analysiert, kann man Muster erkennen. | BH4: Wenngleich die Studie Schwächen aufweist, liefert sie wertvolle Erkenntnisse. | BI4: Die Ministerin erklärte, sie würde alle Maßnahmen prüfen. | BJ4: Die sich zuspitzende Lage erfordert sofortiges Handeln. | BK4: damit | BL4: Professor Müller, einen erfahrenen Forscher, widersprach der Theorie. | BM4: derer | BN4: wird
A5: 21 | B5: 46152.558 | C5: 46152.56 | D5: anonymous | E5: Ja | F5: 18-40 | G5: HBO | H5: 15 | I5: Nee | J5: Nee | K5: Nooit | L5: Werk;Ik gebruik geen Duits in mijn dagelijks leven.; | M5: Ja | N5: Nee | O5: Nee | P5: 2 | Q5: esse | R5: Die | S5: in | T5: kein | U5: hast | V5: eine | W5: kann | X5: gehe | Y5: ein | Z5: hören | AA5: denn | AB5: wurde | AC5: die | AD5: auf | AE5: den | AF5: mir | AG5: ein | AH5: Gestern ich bin spät aufgewacht. | AI5: Sprecht | AJ5: bald | AK5: Der Mann, dessen dort steht, ist mein Lehrer. | AL5: wäre | AM5: die | AN5: des neuen | AO5: Er hat mich gefragt, wann der Zug abfährt. | AP5: für | AQ5: Ich weiß nicht, ob er morgen kommt. | AR5: Wenn ich mehr Zeit habe, mache ich Sport. | AS5: anrufen | AT5: Obwohl es regnet, wir gehen spazieren. | AU5: Die von der Regierung beschlossene Maßnahmen treten morgen in Kraft. | AV5: Nicht nur das Wetter, sondern die Organization auch war schlecht. | AW5: Auswerter | AX5: Wäre er früher gekommen, hätte er den Zug noch erreicht. | AY5: hatte | AZ5: Er will nicht den Fehler gemacht haben. | BA5: Er muss das Buch gelesen hatte. | BB5: Das Durchführen des Experiments erfordert Geduld. | BC5: Das Haus soll nächstes Jahr renoviert worden. | BD5: benötigt | BE5: fiel | BF5: Das ist halt so, daran kann man nichts ändern. | BG5: Indem die Daten analysiert man, lassen sich Muster erkennen. | BH5: Wenngleich die Studie Schwächen aufweist, liefert sie wertvolle Erkenntnisse. | BI5: Die Ministerin erklärte, sie wollte alle Maßnahmen prüfen. | BJ5: Die sich zugespitzt Lage erfordert sofortiges Handeln. | BK5: damit | BL5: Professor Müller, erfahrener Forscher, widersprach die Theorie. | BM5: dessen | BN5: wird
A6: 22 | B6: 46152.547 | C6: 46152.563 | D6: anonymous | E6: Ja | F6: 18-40 | G6: WO | H6: 50 | I6: Nee | J6: Nee | K6: Nooit | L6: Ik gebruik geen Duits in mijn dagelijks leven.; | M6: Ja | N6: Nee | O6: Nee | P6: 2 | Q6: esse | R6: Die | S6: an | T6: kein | U6: hat | V6: ein | W6: kann | X6: gehst | Y6: eine | Z6: hören | AA6: deshalb | AB6: ist | AC6: dem | AD6: an | AE6: die | AF6: mir | AG6: einen | AH6: Gestern bin ich spät aufgewacht. | AI6: Sprechen | AJ6: bald | AK6: Der Mann, den dort steht, ist mein Lehrer. | AL6: wäre | AM6: die | AN6: die neue | AO6: Er hat mich gefragt, wann der Zug abfährt. | AP6: zu | AQ6: Ich weiß nicht, ob er morgen kommt. | AR6: Wenn ich mehr Zeit hätte, würde ich Sport machen. | AS6: anrufen | AT6: Obwohl es regnet, gehen wir spazieren. | AU6: Die von der Regierung beschlossenen Maßnahmen treten morgen in Kraft. | AV6: Nicht nur das Wetter, sondern auch die Organization war schlecht. | AW6: Auswertung | AX6: Wäre er früher gekommen, würde er den Zug noch erreichen. | AY6: hat | AZ6: Er will den Fehler nicht gemacht haben. | BA6: Er muss das Buch gelesen haben. | BB6: Das Durchführen des Experiments erfordert Geduld. | BC6: Das Haus soll nächstes Jahr renoviert werden. | BD6: braucht | BE6: traf | BF6: Das ist eben so, daran kann man ruhig ändern. | BG6: Indem man die Daten analysiert, kann man Muster erkennen. | BH6: Wenngleich die Studie Schwächen aufweist, liefert sie wertvolle Erkenntnisse. | BI6: Die Ministerin erklärte, sie werde alle Maßnahmen prüfen. | BJ6: Die sich zuspitzende Lage erfordert sofortiges Handeln. | BK6: davon | BL6: Professor Müller, einen erfahrenen Forscher, widersprach der Theorie. | BM6: deren | BN6: wird
A7: 23 | B7: 46152.561 | C7: 46152.566 | D7: anonymous | E7: Ja | F7: 18-40 | G7: HAVO | H7: 78 | I7: Nee | J7: Nee | K7: Soms | L7: Vakantie; | M7: Ja | N7: Nee | O7: Nee | P7: 2 | Q7: esse | R7: Die | S7: auf | T7: keinen | U7: hast | V7: einen | W7: können | X7: gehst | Y7: eine | Z7: hören | AA7: weil | AB7: war | AC7: dem | AD7: auf | AE7: die | AF7: sich | AG7: ein | AH7: Gestern ich bin spät aufgewacht. | AI7: Sprechen | AJ7: gestern | AK7: Der Mann, den dort steht, ist mein Lehrer. | AL7: bin | AM7: der | AN7: die neue | AO7: Er hat mich gefragt, wann fährt der Zug ab. | AP7: um | AQ7: Ich weiß nicht, ob kommt er morgen. | AR7: Wenn ich mehr Zeit hatte, machte ich Sport. | AS7: angerufen | AT7: Obwohl regnet es, gehen wir spazieren. | AU7: Die von der Regierung beschlossene Maßnahmen treten morgen in Kraft. | AV7: Nicht nur das Wetter, sondern auch schlecht war die Organization. | AW7: Ausgewertete | AX7: Wenn er früher kam, hätte er den Zug nocht erreicht. | AY7: hat | AZ7: Er will den Fehler nicht gemacht hat. | BA7: Er muss das Buch gelesen hatte. | BB7: Die Durchführung des Experiments erfordert Geduld. | BC7: Das Haus soll nächstes Jahr renoviert worden. | BD7: bedarf | BE7: stieß | BF7: Das ist ruhig so, daran kann man nichts ändern. | BG7: Indem die Daten analysiert man, lassen sich Muster erkennen. | BH7: Wenngleich die Studie Schwächen aufweist, aber sie liefert wertvolle Erkenntnisse. | BI7: Die Ministerin erklärte, sie werde alle Maßnahmen prüfen. | BJ7: Die zugespitzte sich Lage erfordert sofortiges Handeln. | BK7: darauf | BL7: Professor Müller, erfahrener Forscher, widersprach die Theorie. | BM7: derer | BN7: ist
A8: 24 | B8: 46152.567 | C8: 46152.581 | D8: anonymous | E8: Ja | F8: 18-40 | G8: HAVO | H8: 189 | I8: Nee | J8: Nee | K8: Nooit | L8: Ik gebruik geen Duits in mijn dagelijks leven.; | M8: Ja | N8: Ja | O8: Nee | P8: 2 | Q8: esse | R8: Die | S8: in | T8: kein | U8: haben | V8: ein | W8: kann | X8: gehst | Y8: eine | Z8: hören | AA8: weil | AB8: wurde | AC8: die | AD8: an | AE8: der | AF8: sich | AG8: einer | AH8: Gestern bin ich spät aufgewacht. | AI8: Sprich | AJ8: gestern | AK8: Der Mann, der dort steht, ist mein Lehrer. | AL8: bin | AM8: die | AN8: die neue | AO8: Er hat mich gefragt, wann der Zug abfährt. | AP8: zu | AQ8: Ich weiß nicht, ob er kommt morgen. | AR8: Wenn ich mehr Zeit habe, mache ich Sport. | AS8: angerufen | AT8: Obwohl regnet es, gehen wir spazieren. | AU8: Die von der Regierung beschlossen Maßnahmen treten morgen in Kraft. | AV8: Nicht nur das Wetter, sondern die Organization auch war schlecht. | AW8: Auswertung | AX8: Wäre er früher gekommen, hätte er den Zug noch erreicht. | AY8: hat | AZ8: Er will den Fehler nicht gemacht haben. | BA8: Er muss das Buch lesen gehabt. | BB8: Der Durchführer des Experiments erfordert Geduld. | BC8: Das Haus soll nächstes Jahr renoviert worden. | BD8: benötigt | BE8: stieß | BF8: Das ist eben so, daran kann man ruhig ändern. | BG8: Indem die Daten analysiert man, lassen sich Muster erkennen. | BH8: Wenngleich die Studie Schwächen aufweist, liefert sie wertvolle Erkenntnisse. | BI8: Die Ministerin erklärte, sie wollte alle Maßnahmen prüfen. | BJ8: Die sich zuspitzende Lage erfordert sofortiges Handeln. | BK8: darauf | BL8: Professor Müller, erfahrener Forscher, widersprach die Theorie. | BM8: dessen | BN8: ist
A9: 25 | B9: 46152.564 | C9: 46152.583 | D9: anonymous | E9: Ja | F9: 40+ | G9: MBO | H9: 50 | I9: Nee | J9: Nee | K9: Soms | L9: Vakantie; | M9: Ja | N9: Nee | O9: Nee | P9: 1 | Q9: esse | R9: Die | S9: an | T9: kein | U9: hat | V9: einen | W9: kannst | X9: gehst | Y9: eine | Z9: hören | AA9: weil | AB9: war | AC9: die | AD9: an | AE9: die | AF9: mir | AG9: einer | AH9: Gestern bin ich spät aufgewacht. | AI9: Sprechen | AJ9: bald | AK9: Der Mann, dessen dort steht, ist mein Lehrer. | AL9: wäre | AM9: die | AN9: die neue | AO9: Er hat mich gefragt, wann der Zug abfährt. | AP9: zu | AQ9: Ich weiß nicht, ob er morgen kommt. | AR9: Wenn ich mehr Zeit hätte, würde ich Sport machen. | AS9: anrufen | AT9: Obwohl es regnet, gehen wir spazieren. | AU9: Die von der Regierung beschlossene Maßnahmen treten morgen in Kraft. | AV9: Nicht nur das Wetter, aber auch die Organization war schlecht. | AW9: Auswerter | AX9: Wenn er früher kam, hätte er den Zug nocht erreicht. | AY9: hätte | AZ9: Er will nicht den Fehler gemacht haben. | BA9: Er muss das Buch gelesen haben. | BB9: Der Durchführer des Experiments erfordert Geduld. | BC9: Das Haus soll nächstes Jahr werden renoviert. | BD9: erfordert | BE9: fiel | BF9: Das ist ruhig so, daran kann man nichts ändern. | BG9: Indem man die Daten analysiert, lassen sich Muster erkennen. | BH9: Wenngleich die Studie Schwächen aufweist, sie liefert wertvolle Erkenntnisse. | BI9: Die Ministerin erklärte, sie werde alle Maßnahmen prüfen. | BJ9: Die sich zuspitzende Lage erfordert sofortiges Handeln. | BK9: dazu | BL9: Professor Müller, einen erfahrenen Forscher, widersprach der Theorie. | BM9: dessen | BN9: bleibt
A10: 26 | B10: 46152.573 | C10: 46152.584 | D10: anonymous | E10: Ja | F10: 40+ | G10: HBO | H10: 60 | I10: Ja | J10: Ja | K10: Regelmatig | L10: Werk; | M10: Ja | N10: Ja | O10: Ja | P10: 4 | Q10: esse | R10: Die | S10: auf | T10: keinen | U10: hat | V10: eine | W10: kann | X10: gehst | Y10: eine | Z10: hören | AA10: weil | AB10: ist | AC10: die | AD10: an | AE10: die | AF10: mich | AG10: einen | AH10: Gestern bin ich spät aufgewacht. | AI10: Sprechen | AJ10: gestern | AK10: Der Mann, der dort steht, ist mein Lehrer. | AL10: wäre | AM10: die | AN10: die neue | AO10: Er hat mich gefragt, wann der Zug abfährt. | AP10: zu | AQ10: Ich weiß nicht, ob er morgen kommt. | AR10: Wenn ich mehr Zeit hätte, würde ich Sport machen. | AS10: anzurufen | AT10: Obwohl es regnet, gehen wir spazieren. | AU10: Die von der Regierung beschlossene Maßnahmen treten morgen in Kraft. | AV10: Nicht nur das Wetter, aber auch die Organization war schlecht. | AW10: Auswertung | AX10: Wäre er früher gekommen, hätte er den Zug noch erreicht. | AY10: hatte | AZ10: Er will den Fehler nicht gemacht haben. | BA10: Er musste das Buch gelesen haben. | BB10: Das Durchführen des Experiments erfordert Geduld. | BC10: Das Haus soll nächstes Jahr renoviert werden. | BD10: braucht | BE10: traf | BF10: Das ist halt so, daran kann man nichts ändern. | BG10: Indem man die Daten analysiert, kann man Muster erkennen. | BH10: Wenngleich die Studie Schwächen aufweist, liefert sie wertvolle Erkenntnisse. | BI10: Die Ministerin erklärte, sie werde alle Maßnahmen prüfen. | BJ10: Die sich zuspitzende Lage erfordert sofortiges Handeln. | BK10: darauf | BL10: Professor Müller, ein erfahrener Forscher, widersprach der Theorie. | BM10: dessen | BN10: ist
A11: 27 | B11: 46152.674 | C11: 46152.686 | D11: anonymous | E11: Ja | F11: 18-40 | G11: HBO | H11: 80 | I11: Nee | J11: Nee | K11: Soms | L11: Vakantie; | M11: Ja | N11: Nee | O11: Nee | P11: 3 | Q11: esse | R11: Die | S11: an | T11: kein | U11: hat | V11: eine | W11: kann | X11: gehst | Y11: ein | Z11: hören | AA11: weil | AB11: hat | AC11: die | AD11: an | AE11: dem | AF11: mir | AG11: ein | AH11: Gestern bin ich spät aufgewacht. | AI11: Sprechen | AJ11: bald | AK11: Der Mann, der dort steht, ist mein Lehrer. | AL11: wäre | AM11: dem | AN11: der neuen | AO11: Er hat mich gefragt, wann der Zug abfährt. | AP11: zu | AQ11: Ich weiß nicht, ob er morgen kommt. | AR11: Wenn ich mehr Zeit hätte, würde ich Sport machen. | AS11: anrufen | AT11: Obwohl es regnet, gehen wir spazieren. | AU11: Die von der Regierung beschließenden Maßnahmen treten morgen in Kraft. | AV11: Nicht nur das Wetter, aber auch die Organization war schlecht. | AW11: Auswertung | AX11: Wäre er früher gekommen, würde er den Zug noch erreichen. | AY11: hat | AZ11: Er will den Fehler nicht gemacht haben. | BA11: Er muss das Buch gelesen haben. | BB11: Die Durchführung des Experiments erfordert Geduld. | BC11: Das Haus soll nächstes Jahr renoviert werden. | BD11: braucht | BE11: fiel | BF11: Das ist eben so, daran kann man ruhig ändern. | BG11: Indem man die Daten analysiert, kann man Muster erkennen. | BH11: Wenngleich die Studie Schwächen aufweist, liefert sie wertvolle Erkenntnisse. | BI11: Die Ministerin erklärte, sie würde alle Maßnahmen prüfen. | BJ11: Die sich zuspitzende Lage erfordert sofortiges Handeln. | BK11: dazu | BL11: Professor Müller, erfahrener Forscher, widersprach die Theorie. | BM11: dessen | BN11: steht
A12: 28 | B12: 46152.674 | C12: 46152.689 | D12: anonymous | E12: Ja | F12: 18-40 | G12: WO | H12: 80 | I12: Nee | J12: Ja | K12: Soms | L12: Vakantie;Werk; | M12: Ja | N12: Nee | O12: Nee | P12: 2 | Q12: esse | R12: Die | S12: auf | T12: kein | U12: habt | V12: eine | W12: kann | X12: gehst | Y12: eine | Z12: hören | AA12: deshalb | AB12: ist | AC12: die | AD12: an | AE12: die | AF12: mich | AG12: einen | AH12: Gestern bin ich spät aufgewacht. | AI12: Sprechen | AJ12: gestern | AK12: Der Mann, dem dort steht, ist mein Lehrer. | AL12: bin | AM12: die | AN12: die neue | AO12: Er hat mich gefragt, wann der Zug abfährt. | AP12: zu | AQ12: Ich weiß nicht, ob er morgen kommt. | AR12: Wenn ich mehr Zeit hatte, machte ich Sport. | AS12: anrufen | AT12: Obwohl es regnet, gehen wir spazieren. | AU12: Die von der Regierung beschlossenen Maßnahmen treten morgen in Kraft. | AV12: Nicht nur das Wetter, aber auch die Organization war schlecht. | AW12: Auswertung | AX12: Wäre er früher gekommen, hätte er den Zug noch erreicht. | AY12: hat | AZ12: Er will den Fehler nicht gemacht haben. | BA12: Er muss das Buch gelesen haben. | BB12: Das Durchführen des Experiments erfordert Geduld. | BC12: Das Haus soll nächstes Jahr renoviert werden. | BD12: braucht | BE12: stieß | BF12: Das ist eben so, daran kann man ruhig ändern. | BG12: Indem man die Daten analysiert, kann man Muster erkennen. | BH12: Wenngleich die Studie Schwächen aufweist, liefert sie wertvolle Erkenntnisse. | BI12: Die Ministerin erklärte, sie wollte alle Maßnahmen prüfen. | BJ12: Die zuspitzend sich Lage erfordert sofortiges Handeln. | BK12: dazu | BL12: Professor Müller, ein erfahrener Forscher, widersprach der Theorie. | BM12: welcher | BN12: ist
A13: 29 | B13: 46152.677 | C13: 46152.692 | D13: anonymous | E13: Ja | F13: 40+ | G13: HBO | H13: 80 | I13: Nee | J13: Nee | K13: Soms | L13: Vakantie; | M13: Nee | N13: Nee | O13: Nee | P13: 2 | Q13: esse | R13: Die | S13: auf | T13: kein | U13: hat | V13: eine | W13: kann | X13: gehst | Y13: eine | Z13: hören | AA13: weil | AB13: ist | AC13: die | AD13: auf | AE13: dem | AF13: mich | AG13: ein | AH13: Gestern bin ich spät aufgewacht. | AI13: Sprechen | AJ13: gestern | AK13: Der Mann, der dort steht, ist mein Lehrer. | AL13: bin | AM13: die | AN13: die neue | AO13: Er hat mich gefragt, wann der Zug abfährt. | AP13: zu | AQ13: Ich weiß nicht, ob er morgen kommt. | AR13: Wenn ich mehr Zeit habe, werde ich Sport machen. | AS13: anrufen | AT13: Obwohl es regnet, gehen wir spazieren. | AU13: Die von der Regierung beschlossen Maßnahmen treten morgen in Kraft. | AV13: Nicht nur das Wetter, sondern auch die Organization war schlecht. | AW13: Auswerter | AX13: Wäre er früher gekommen, hätte er den Zug noch erreicht. | AY13: hat | AZ13: Er will den Fehler nicht gemacht haben. | BA13: Er muss das Buch gelesen hatte. | BB13: Die Durchführung des Experiments erfordert Geduld. | BC13: Das Haus soll nächstes Jahr renoviert werden. | BD13: braucht | BE13: stieß | BF13: Das ist halt so, daran kann man nichts ändern. | BG13: Indem man die Daten analysiert, kann man Muster erkennen. | BH13: Wenngleich die Studie Schwächen aufweist, liefert sie wertvolle Erkenntnisse. | BI13: Die Ministerin erklärte, sie wird alle Maßnahmen prüfen. | BJ13: Die sich zuspitzende Lage erfordert sofortiges Handeln. | BK13: damit | BL13: Professor Müller, ein erfahrener Forscher, widersprach der Theorie. | BM13: welcher | BN13: ist
A14: 30 | B14: 46152.677 | C14: 46152.698 | D14: anonymous | E14: Ja | F14: 40+ | G14: HAVO | H14: 80 | I14: Ja | J14: Nee | K14: Vaak | L14: Werk;Vakantie; | M14: Ja | N14: Ja | O14: Ja | P14: 5 | Q14: esse | R14: Die | S14: auf | T14: kein | U14: hat | V14: eine | W14: kann | X14: gehst | Y14: eine | Z14: hören | AA14: weil | AB14: ist | AC14: die | AD14: an | AE14: die | AF14: mich | AG14: einen | AH14: Gestern bin ich spät aufgewacht. | AI14: Sprechen | AJ14: gestern | AK14: Der Mann, der dort steht, ist mein Lehrer. | AL14: war | AM14: die | AN14: die neue | AO14: Er hat mich gefragt, wann der Zug abfährt. | AP14: zu | AQ14: Ich weiß nicht, ob er morgen kommt. | AR14: Wenn ich mehr Zeit hätte, würde ich Sport machen. | AS14: anrufen | AT14: Obwohl es regnet, wir gehen spazieren. | AU14: Die von der Regierung beschlossenen Maßnahmen treten morgen in Kraft. | AV14: Nicht nur das Wetter, aber auch die Organization war schlecht. | AW14: Auswertung | AX14: Würde er früher kommen, hat er den Zug noch erreicht. | AY14: hat | AZ14: Er will den Fehler nicht gemacht haben. | BA14: Er muss das Buch gelesen haben. | BB14: Das Durchführen des Experiments erfordert Geduld. | BC14: Das Haus soll nächstes Jahr renoviert worden. | BD14: braucht | BE14: traf | BF14: Das ist halt so, daran kann man nichts ändern. | BG14: Indem man die Daten analysiert, lassen sich Muster erkennen. | BH14: Wenngleich die Studie Schwächen aufweist, liefert sie wertvolle Erkenntnisse. | BI14: Die Ministerin erklärte, sie werde alle Maßnahmen prüfen. | BJ14: Die sich zugespitzt Lage erfordert sofortiges Handeln. | BK14: dazu | BL14: Professor Müller, ein erfahrener Forscher, widersprach der Theorie. | BM14: deren | BN14: ist
... A156: 176 | B156: 46156.43 | C156: 46156.433 | D156: anonymous | E156: Ja | F156: 18-40 | G156: WO | H156: 107 | I156: Nee | J156: Nee | K156: Nooit | L156: Ik gebruik geen Duits in mijn dagelijks leven.; | M156: Ja | N156: Nee | O156: Ja | P156: 2 | Q156: esst | R156: Die | S156: über | T156: kein | U156: hast | V156: ein | W156: kannst | X156: gehst | Y156: ein | Z156: hören | AA156: weil | AB156: hat | AC156: die | AD156: an | AE156: der | AF156: mir | AG156: ein | AH156: Gestern bin ich spät aufgewacht. | AI156: Sprecht | AJ156: gestern | AK156: Der Mann, den dort steht, ist mein Lehrer. | AL156: war | AM156: die | AN156: den neuen | AO156: Er hat mich gefragt, wann der Zug abfährt. | AP156: um | AQ156: Ich weiß nicht, ob kommt er morgen. | AR156: Wenn ich mehr Zeit hatte, machte ich Sport. | AS156: anrufe | AT156: Obwohl es regnet, wir gehen spazieren. | AU156: Die von der Regierung beschlossenen Maßnahmen treten morgen in Kraft. | AV156: Nicht nur das Wetter, sondern auch die Organization war schlecht. | AW156: Auswertung | AX156: Wäre er früher gekommen, würde er den Zug noch erreichen. | AY156: hat | AZ156: Er will den Fehler nicht machen gehabt. | BA156: Er muss das Buch gelesen hatte. | BB156: Die Durchgeführte des Experiments erfordert Geduld. | BC156: Das Haus soll nächstes Jahr renoviert wird. | BD156: benötigt | BE156: geriet | BF156: Das ist halt so, daran kann man schon nichts ändern. | BG156: Indem man die Daten analysiert, kann man Muster erkennen. | BH156: Wenngleich die Studie Schwächen aufweist, sie liefert wertvolle Erkenntnisse. | BI156: Die Ministerin erklärte, sie wollte alle Maßnahmen prüfen. | BJ156: Die zugespitzte sich Lage erfordert sofortiges Handeln. | BK156: davon | BL156: Der Professor Müller, ein erfahrener Forscher, widersprach der Theorie. | BM156: welcher | BN156: wird

Sheet Duitse taalvaardigheid onderzoe
A2: =(TRIM(LOWER(Sheet1!A2))) -> id | B2: =(TRIM(LOWER(Sheet1!B2))) -> start time | C2: =(TRIM(LOWER(Sheet1!C2))) -> completion time | D2: =(TRIM(LOWER(Sheet1!D2))) -> email | E2: =(TRIM(LOWER(Sheet1!E2))) -> wilt u deelnemen aan het onderzoek? | F2: =(TRIM(LOWER(Sheet1!F2))) -> in welke leeftijdscategorie valt u? | G2: =(TRIM(LOWER(Sheet1!G2))) -> wat is het hoogste opleidingsniveau waarvoor u bent geslaagd? | H2: =(TRIM(LOWER(Sheet1!H2))) -> hoe ver woont u van de duitse grens? (in km) | ... BN2: =(TRIM(LOWER(Sheet1!BN2))) -> es ___ noch zu klären, inwieweit diese regelung anwendbar ist.
A3: =(TRIM(LOWER(Sheet1!A3))) -> 19 | B3: =(TRIM(LOWER(Sheet1!B3))) -> 46152,5354282407 | C3: =(TRIM(LOWER(Sheet1!C3))) -> 46152,5435763889 | D3: =(TRIM(LOWER(Sheet1!D3))) -> anonymous | E3: =(TRIM(LOWER(Sheet1!E3))) -> ja | F3: =(TRIM(LOWER(Sheet1!F3))) -> 18-40 | G3: =(TRIM(LOWER(Sheet1!G3))) -> mbo | H3: =(TRIM(LOWER(Sheet1!H3))) -> 30 | ... P3: =(TRIM(LOWER(Sheet1!P3))) -> 1 | Q3: =--(TRIM(LOWER(Sheet1!Q3))=TRIM(LOWER(Sheet1!Q$1))) -> 1 | R3: =--(TRIM(LOWER(Sheet1!R3))=TRIM(LOWER(Sheet1!R$1))) -> 0 | S3: =--(TRIM(LOWER(Sheet1!S3))=TRIM(LOWER(Sheet1!S$1))) -> 1 | T3: =--(TRIM(LOWER(Sheet1!T3))=TRIM(LOWER(Sheet1!T$1))) -> 1 | U3: =--(TRIM(LOWER(Sheet1!U3))=TRIM(LOWER(Sheet1!U$1))) -> 0 | V3: =--(TRIM(LOWER(Sheet1!V3))=TRIM(LOWER(Sheet1!V$1))) -> 1 | W3: =--(TRIM(LOWER(Sheet1!W3))=TRIM(LOWER(Sheet1!W$1))) -> 1 | X3: =--(TRIM(LOWER(Sheet1!X3))=TRIM(LOWER(Sheet1!X$1))) -> 1 | ... BN3: =--(TRIM(LOWER(Sheet1!BN3))=TRIM(LOWER(Sheet1!BN$1))) -> 0
A4: =(TRIM(LOWER(Sheet1!A4))) -> 20 | B4: =(TRIM(LOWER(Sheet1!B4))) -> 46152,5392476852 | C4: =(TRIM(LOWER(Sheet1!C4))) -> 46152,5472337963 | D4: =(TRIM(LOWER(Sheet1!D4))) -> anonymous | E4: =(TRIM(LOWER(Sheet1!E4))) -> ja | F4: =(TRIM(LOWER(Sheet1!F4))) -> 18-40 | G4: =(TRIM(LOWER(Sheet1!G4))) -> hbo | H4: =(TRIM(LOWER(Sheet1!H4))) -> 70 | ... P4: =(TRIM(LOWER(Sheet1!P4))) -> 2 | Q4: =--(TRIM(LOWER(Sheet1!Q4))=TRIM(LOWER(Sheet1!Q$1))) -> 1 | R4: =--(TRIM(LOWER(Sheet1!R4))=TRIM(LOWER(Sheet1!R$1))) -> 1 | S4: =--(TRIM(LOWER(Sheet1!S4))=TRIM(LOWER(Sheet1!S$1))) -> 1 | T4: =--(TRIM(LOWER(Sheet1!T4))=TRIM(LOWER(Sheet1!T$1))) -> 0 | U4: =--(TRIM(LOWER(Sheet1!U4))=TRIM(LOWER(Sheet1!U$1))) -> 1 | V4: =--(TRIM(LOWER(Sheet1!V4))=TRIM(LOWER(Sheet1!V$1))) -> 1 | W4: =--(TRIM(LOWER(Sheet1!W4))=TRIM(LOWER(Sheet1!W$1))) -> 1 | X4: =--(TRIM(LOWER(Sheet1!X4))=TRIM(LOWER(Sheet1!X$1))) -> 1 | ... BN4: =--(TRIM(LOWER(Sheet1!BN4))=TRIM(LOWER(Sheet1!BN$1))) -> 0
A5: =(TRIM(LOWER(Sheet1!A5))) -> 21 | B5: =(TRIM(LOWER(Sheet1!B5))) -> 46152,5583101852 | C5: =(TRIM(LOWER(Sheet1!C5))) -> 46152,5603240741 | D5: =(TRIM(LOWER(Sheet1!D5))) -> anonymous | E5: =(TRIM(LOWER(Sheet1!E5))) -> ja | F5: =(TRIM(LOWER(Sheet1!F5))) -> 18-40 | G5: =(TRIM(LOWER(Sheet1!G5))) -> hbo | H5: =(TRIM(LOWER(Sheet1!H5))) -> 15 | ... P5: =(TRIM(LOWER(Sheet1!P5))) -> 2 | Q5: =--(TRIM(LOWER(Sheet1!Q5))=TRIM(LOWER(Sheet1!Q$1))) -> 1 | R5: =--(TRIM(LOWER(Sheet1!R5))=TRIM(LOWER(Sheet1!R$1))) -> 1 | S5: =--(TRIM(LOWER(Sheet1!S5))=TRIM(LOWER(Sheet1!S$1))) -> 0 | T5: =--(TRIM(LOWER(Sheet1!T5))=TRIM(LOWER(Sheet1!T$1))) -> 0 | U5: =--(TRIM(LOWER(Sheet1!U5))=TRIM(LOWER(Sheet1!U$1))) -> 0 | V5: =--(TRIM(LOWER(Sheet1!V5))=TRIM(LOWER(Sheet1!V$1))) -> 1 | W5: =--(TRIM(LOWER(Sheet1!W5))=TRIM(LOWER(Sheet1!W$1))) -> 1 | X5: =--(TRIM(LOWER(Sheet1!X5))=TRIM(LOWER(Sheet1!X$1))) -> 0 | ... BN5: =--(TRIM(LOWER(Sheet1!BN5))=TRIM(LOWER(Sheet1!BN$1))) -> 0
A6: =(TRIM(LOWER(Sheet1!A6))) -> 22 | B6: =(TRIM(LOWER(Sheet1!B6))) -> 46152,547349537 | C6: =(TRIM(LOWER(Sheet1!C6))) -> 46152,5627083333 | D6: =(TRIM(LOWER(Sheet1!D6))) -> anonymous | E6: =(TRIM(LOWER(Sheet1!E6))) -> ja | F6: =(TRIM(LOWER(Sheet1!F6))) -> 18-40 | G6: =(TRIM(LOWER(Sheet1!G6))) -> wo | H6: =(TRIM(LOWER(Sheet1!H6))) -> 50 | ... P6: =(TRIM(LOWER(Sheet1!P6))) -> 2 | Q6: =--(TRIM(LOWER(Sheet1!Q6))=TRIM(LOWER(Sheet1!Q$1))) -> 1 | R6: =--(TRIM(LOWER(Sheet1!R6))=TRIM(LOWER(Sheet1!R$1))) -> 1 | S6: =--(TRIM(LOWER(Sheet1!S6))=TRIM(LOWER(Sheet1!S$1))) -> 0 | T6: =--(TRIM(LOWER(Sheet1!T6))=TRIM(LOWER(Sheet1!T$1))) -> 0 | U6: =--(TRIM(LOWER(Sheet1!U6))=TRIM(LOWER(Sheet1!U$1))) -> 1 | V6: =--(TRIM(LOWER(Sheet1!V6))=TRIM(LOWER(Sheet1!V$1))) -> 0 | W6: =--(TRIM(LOWER(Sheet1!W6))=TRIM(LOWER(Sheet1!W$1))) -> 1 | X6: =--(TRIM(LOWER(Sheet1!X6))=TRIM(LOWER(Sheet1!X$1))) -> 1 | ... BN6: =--(TRIM(LOWER(Sheet1!BN6))=TRIM(LOWER(Sheet1!BN$1))) -> 0
A7: =(TRIM(LOWER(Sheet1!A7))) -> 23 | B7: =(TRIM(LOWER(Sheet1!B7))) -> 46152,5608333333 | C7: =(TRIM(LOWER(Sheet1!C7))) -> 46152,5657523148 | D7: =(TRIM(LOWER(Sheet1!D7))) -> anonymous | E7: =(TRIM(LOWER(Sheet1!E7))) -> ja | F7: =(TRIM(LOWER(Sheet1!F7))) -> 18-40 | G7: =(TRIM(LOWER(Sheet1!G7))) -> havo | H7: =(TRIM(LOWER(Sheet1!H7))) -> 78 | ... P7: =(TRIM(LOWER(Sheet1!P7))) -> 2 | Q7: =--(TRIM(LOWER(Sheet1!Q7))=TRIM(LOWER(Sheet1!Q$1))) -> 1 | R7: =--(TRIM(LOWER(Sheet1!R7))=TRIM(LOWER(Sheet1!R$1))) -> 1 | S7: =--(TRIM(LOWER(Sheet1!S7))=TRIM(LOWER(Sheet1!S$1))) -> 1 | T7: =--(TRIM(LOWER(Sheet1!T7))=TRIM(LOWER(Sheet1!T$1))) -> 1 | U7: =--(TRIM(LOWER(Sheet1!U7))=TRIM(LOWER(Sheet1!U$1))) -> 0 | V7: =--(TRIM(LOWER(Sheet1!V7))=TRIM(LOWER(Sheet1!V$1))) -> 0 | W7: =--(TRIM(LOWER(Sheet1!W7))=TRIM(LOWER(Sheet1!W$1))) -> 0 | X7: =--(TRIM(LOWER(Sheet1!X7))=TRIM(LOWER(Sheet1!X$1))) -> 1 | ... BN7: =--(TRIM(LOWER(Sheet1!BN7))=TRIM(LOWER(Sheet1!BN$1))) -> 0
A8: =(TRIM(LOWER(Sheet1!A8))) -> 24 | B8: =(TRIM(LOWER(Sheet1!B8))) -> 46152,5673263889 | C8: =(TRIM(LOWER(Sheet1!C8))) -> 46152,5813657407 | D8: =(TRIM(LOWER(Sheet1!D8))) -> anonymous | E8: =(TRIM(LOWER(Sheet1!E8))) -> ja | F8: =(TRIM(LOWER(Sheet1!F8))) -> 18-40 | G8: =(TRIM(LOWER(Sheet1!G8))) -> havo | H8: =(TRIM(LOWER(Sheet1!H8))) -> 189 | ... P8: =(TRIM(LOWER(Sheet1!P8))) -> 2 | Q8: =--(TRIM(LOWER(Sheet1!Q8))=TRIM(LOWER(Sheet1!Q$1))) -> 1 | R8: =--(TRIM(LOWER(Sheet1!R8))=TRIM(LOWER(Sheet1!R$1))) -> 1 | S8: =--(TRIM(LOWER(Sheet1!S8))=TRIM(LOWER(Sheet1!S$1))) -> 0 | T8: =--(TRIM(LOWER(Sheet1!T8))=TRIM(LOWER(Sheet1!T$1))) -> 0 | U8: =--(TRIM(LOWER(Sheet1!U8))=TRIM(LOWER(Sheet1!U$1))) -> 0 | V8: =--(TRIM(LOWER(Sheet1!V8))=TRIM(LOWER(Sheet1!V$1))) -> 0 | W8: =--(TRIM(LOWER(Sheet1!W8))=TRIM(LOWER(Sheet1!W$1))) -> 1 | X8: =--(TRIM(LOWER(Sheet1!X8))=TRIM(LOWER(Sheet1!X$1))) -> 1 | ... BN8: =--(TRIM(LOWER(Sheet1!BN8))=TRIM(LOWER(Sheet1!BN$1))) -> 0
A9: =(TRIM(LOWER(Sheet1!A9))) -> 25 | B9: =(TRIM(LOWER(Sheet1!B9))) -> 46152,5638657407 | C9: =(TRIM(LOWER(Sheet1!C9))) -> 46152,5832523148 | D9: =(TRIM(LOWER(Sheet1!D9))) -> anonymous | E9: =(TRIM(LOWER(Sheet1!E9))) -> ja | F9: =(TRIM(LOWER(Sheet1!F9))) -> 40+ | G9: =(TRIM(LOWER(Sheet1!G9))) -> mbo | H9: =(TRIM(LOWER(Sheet1!H9))) -> 50 | ... P9: =(TRIM(LOWER(Sheet1!P9))) -> 1 | Q9: =--(TRIM(LOWER(Sheet1!Q9))=TRIM(LOWER(Sheet1!Q$1))) -> 1 | R9: =--(TRIM(LOWER(Sheet1!R9))=TRIM(LOWER(Sheet1!R$1))) -> 1 | S9: =--(TRIM(LOWER(Sheet1!S9))=TRIM(LOWER(Sheet1!S$1))) -> 0 | T9: =--(TRIM(LOWER(Sheet1!T9))=TRIM(LOWER(Sheet1!T$1))) -> 0 | U9: =--(TRIM(LOWER(Sheet1!U9))=TRIM(LOWER(Sheet1!U$1))) -> 1 | V9: =--(TRIM(LOWER(Sheet1!V9))=TRIM(LOWER(Sheet1!V$1))) -> 0 | W9: =--(TRIM(LOWER(Sheet1!W9))=TRIM(LOWER(Sheet1!W$1))) -> 0 | X9: =--(TRIM(LOWER(Sheet1!X9))=TRIM(LOWER(Sheet1!X$1))) -> 1 | ... BN9: =--(TRIM(LOWER(Sheet1!BN9))=TRIM(LOWER(Sheet1!BN$1))) -> 1
A10: =(TRIM(LOWER(Sheet1!A10))) -> 26 | B10: =(TRIM(LOWER(Sheet1!B10))) -> 46152,5728703704 | C10: =(TRIM(LOWER(Sheet1!C10))) -> 46152,5837152778 | D10: =(TRIM(LOWER(Sheet1!D10))) -> anonymous | E10: =(TRIM(LOWER(Sheet1!E10))) -> ja | F10: =(TRIM(LOWER(Sheet1!F10))) -> 40+ | G10: =(TRIM(LOWER(Sheet1!G10))) -> hbo | H10: =(TRIM(LOWER(Sheet1!H10))) -> 60 | ... P10: =(TRIM(LOWER(Sheet1!P10))) -> 4 | Q10: =--(TRIM(LOWER(Sheet1!Q10))=TRIM(LOWER(Sheet1!Q$1))) -> 1 | R10: =--(TRIM(LOWER(Sheet1!R10))=TRIM(LOWER(Sheet1!R$1))) -> 1 | S10: =--(TRIM(LOWER(Sheet1!S10))=TRIM(LOWER(Sheet1!S$1))) -> 1 | T10: =--(TRIM(LOWER(Sheet1!T10))=TRIM(LOWER(Sheet1!T$1))) -> 1 | U10: =--(TRIM(LOWER(Sheet1!U10))=TRIM(LOWER(Sheet1!U$1))) -> 1 | V10: =--(TRIM(LOWER(Sheet1!V10))=TRIM(LOWER(Sheet1!V$1))) -> 1 | W10: =--(TRIM(LOWER(Sheet1!W10))=TRIM(LOWER(Sheet1!W$1))) -> 1 | X10: =--(TRIM(LOWER(Sheet1!X10))=TRIM(LOWER(Sheet1!X$1))) -> 1 | ... BN10: =--(TRIM(LOWER(Sheet1!BN10))=TRIM(LOWER(Sheet1!BN$1))) -> 0
A11: =(TRIM(LOWER(Sheet1!A11))) -> 27 | B11: =(TRIM(LOWER(Sheet1!B11))) -> 46152,6736226852 | C11: =(TRIM(LOWER(Sheet1!C11))) -> 46152,6856481481 | D11: =(TRIM(LOWER(Sheet1!D11))) -> anonymous | E11: =(TRIM(LOWER(Sheet1!E11))) -> ja | F11: =(TRIM(LOWER(Sheet1!F11))) -> 18-40 | G11: =(TRIM(LOWER(Sheet1!G11))) -> hbo | H11: =(TRIM(LOWER(Sheet1!H11))) -> 80 | ... P11: =(TRIM(LOWER(Sheet1!P11))) -> 3 | Q11: =--(TRIM(LOWER(Sheet1!Q11))=TRIM(LOWER(Sheet1!Q$1))) -> 1 | R11: =--(TRIM(LOWER(Sheet1!R11))=TRIM(LOWER(Sheet1!R$1))) -> 1 | S11: =--(TRIM(LOWER(Sheet1!S11))=TRIM(LOWER(Sheet1!S$1))) -> 0 | T11: =--(TRIM(LOWER(Sheet1!T11))=TRIM(LOWER(Sheet1!T$1))) -> 0 | U11: =--(TRIM(LOWER(Sheet1!U11))=TRIM(LOWER(Sheet1!U$1))) -> 1 | V11: =--(TRIM(LOWER(Sheet1!V11))=TRIM(LOWER(Sheet1!V$1))) -> 1 | W11: =--(TRIM(LOWER(Sheet1!W11))=TRIM(LOWER(Sheet1!W$1))) -> 1 | X11: =--(TRIM(LOWER(Sheet1!X11))=TRIM(LOWER(Sheet1!X$1))) -> 1 | ... BN11: =--(TRIM(LOWER(Sheet1!BN11))=TRIM(LOWER(Sheet1!BN$1))) -> 0
A12: =(TRIM(LOWER(Sheet1!A12))) -> 28 | B12: =(TRIM(LOWER(Sheet1!B12))) -> 46152,6736226852 | C12: =(TRIM(LOWER(Sheet1!C12))) -> 46152,6892824074 | D12: =(TRIM(LOWER(Sheet1!D12))) -> anonymous | E12: =(TRIM(LOWER(Sheet1!E12))) -> ja | F12: =(TRIM(LOWER(Sheet1!F12))) -> 18-40 | G12: =(TRIM(LOWER(Sheet1!G12))) -> wo | H12: =(TRIM(LOWER(Sheet1!H12))) -> 80 | ... P12: =(TRIM(LOWER(Sheet1!P12))) -> 2 | Q12: =--(TRIM(LOWER(Sheet1!Q12))=TRIM(LOWER(Sheet1!Q$1))) -> 1 | R12: =--(TRIM(LOWER(Sheet1!R12))=TRIM(LOWER(Sheet1!R$1))) -> 1 | S12: =--(TRIM(LOWER(Sheet1!S12))=TRIM(LOWER(Sheet1!S$1))) -> 1 | T12: =--(TRIM(LOWER(Sheet1!T12))=TRIM(LOWER(Sheet1!T$1))) -> 0 | U12: =--(TRIM(LOWER(Sheet1!U12))=TRIM(LOWER(Sheet1!U$1))) -> 0 | V12: =--(TRIM(LOWER(Sheet1!V12))=TRIM(LOWER(Sheet1!V$1))) -> 1 | W12: =--(TRIM(LOWER(Sheet1!W12))=TRIM(LOWER(Sheet1!W$1))) -> 1 | X12: =--(TRIM(LOWER(Sheet1!X12))=TRIM(LOWER(Sheet1!X$1))) -> 1 | ... BN12: =--(TRIM(LOWER(Sheet1!BN12))=TRIM(LOWER(Sheet1!BN$1))) -> 0
A13: =(TRIM(LOWER(Sheet1!A13))) -> 29 | B13: =(TRIM(LOWER(Sheet1!B13))) -> 46152,6769212963 | C13: =(TRIM(LOWER(Sheet1!C13))) -> 46152,6919560185 | D13: =(TRIM(LOWER(Sheet1!D13))) -> anonymous | E13: =(TRIM(LOWER(Sheet1!E13))) -> ja | F13: =(TRIM(LOWER(Sheet1!F13))) -> 40+ | G13: =(TRIM(LOWER(Sheet1!G13))) -> hbo | H13: =(TRIM(LOWER(Sheet1!H13))) -> 80 | ... P13: =(TRIM(LOWER(Sheet1!P13))) -> 2 | Q13: =--(TRIM(LOWER(Sheet1!Q13))=TRIM(LOWER(Sheet1!Q$1))) -> 1 | R13: =--(TRIM(LOWER(Sheet1!R13))=TRIM(LOWER(Sheet1!R$1))) -> 1 | S13: =--(TRIM(LOWER(Sheet1!S13))=TRIM(LOWER(Sheet1!S$1))) -> 1 | T13: =--(TRIM(LOWER(Sheet1!T13))=TRIM(LOWER(Sheet1!T$1))) -> 0 | U13: =--(TRIM(LOWER(Sheet1!U13))=TRIM(LOWER(Sheet1!U$1))) -> 1 | V13: =--(TRIM(LOWER(Sheet1!V13))=TRIM(LOWER(Sheet1!V$1))) -> 1 | W13: =--(TRIM(LOWER(Sheet1!W13))=TRIM(LOWER(Sheet1!W$1))) -> 1 | X13: =--(TRIM(LOWER(Sheet1!X13))=TRIM(LOWER(Sheet1!X$1))) -> 1 | ... BN13: =--(TRIM(LOWER(Sheet1!BN13))=TRIM(LOWER(Sheet1!BN$1))) -> 0
A14: =(TRIM(LOWER(Sheet1!A14))) -> 30 | B14: =(TRIM(LOWER(Sheet1!B14))) -> 46152,6771875 | C14: =(TRIM(LOWER(Sheet1!C14))) -> 46152,6976273148 | D14: =(TRIM(LOWER(Sheet1!D14))) -> anonymous | E14: =(TRIM(LOWER(Sheet1!E14))) -> ja | F14: =(TRIM(LOWER(Sheet1!F14))) -> 40+ | G14: =(TRIM(LOWER(Sheet1!G14))) -> havo | H14: =(TRIM(LOWER(Sheet1!H14))) -> 80 | ... P14: =(TRIM(LOWER(Sheet1!P14))) -> 5 | Q14: =--(TRIM(LOWER(Sheet1!Q14))=TRIM(LOWER(Sheet1!Q$1))) -> 1 | R14: =--(TRIM(LOWER(Sheet1!R14))=TRIM(LOWER(Sheet1!R$1))) -> 1 | S14: =--(TRIM(LOWER(Sheet1!S14))=TRIM(LOWER(Sheet1!S$1))) -> 1 | T14: =--(TRIM(LOWER(Sheet1!T14))=TRIM(LOWER(Sheet1!T$1))) -> 0 | U14: =--(TRIM(LOWER(Sheet1!U14))=TRIM(LOWER(Sheet1!U$1))) -> 1 | V14: =--(TRIM(LOWER(Sheet1!V14))=TRIM(LOWER(Sheet1!V$1))) -> 1 | W14: =--(TRIM(LOWER(Sheet1!W14))=TRIM(LOWER(Sheet1!W$1))) -> 1 | X14: =--(TRIM(LOWER(Sheet1!X14))=TRIM(LOWER(Sheet1!X$1))) -> 1 | ... BN14: =--(TRIM(LOWER(Sheet1!BN14))=TRIM(LOWER(Sheet1!BN$1))) -> 0
... A156: =(TRIM(LOWER(Sheet1!A156))) -> 176 | B156: =(TRIM(LOWER(Sheet1!B156))) -> 46156,4302430556 | C156: =(TRIM(LOWER(Sheet1!C156))) -> 46156,4332638889 | D156: =(TRIM(LOWER(Sheet1!D156))) -> anonymous | E156: =(TRIM(LOWER(Sheet1!E156))) -> ja | F156: =(TRIM(LOWER(Sheet1!F156))) -> 18-40 | G156: =(TRIM(LOWER(Sheet1!G156))) -> wo | H156: =(TRIM(LOWER(Sheet1!H156))) -> 107 | ... P156: =(TRIM(LOWER(Sheet1!P156))) -> 2 | Q156: =--(TRIM(LOWER(Sheet1!Q156))=TRIM(LOWER(Sheet1!Q$1))) -> 0 | R156: =--(TRIM(LOWER(Sheet1!R156))=TRIM(LOWER(Sheet1!R$1))) -> 1 | S156: =--(TRIM(LOWER(Sheet1!S156))=TRIM(LOWER(Sheet1!S$1))) -> 0 | T156: =--(TRIM(LOWER(Sheet1!T156))=TRIM(LOWER(Sheet1!T$1))) -> 0 | U156: =--(TRIM(LOWER(Sheet1!U156))=TRIM(LOWER(Sheet1!U$1))) -> 0 | V156: =--(TRIM(LOWER(Sheet1!V156))=TRIM(LOWER(Sheet1!V$1))) -> 0 | W156: =--(TRIM(LOWER(Sheet1!W156))=TRIM(LOWER(Sheet1!W$1))) -> 0 | X156: =--(TRIM(LOWER(Sheet1!X156))=TRIM(LOWER(Sheet1!X$1))) -> 1 | ... BN156: =--(TRIM(LOWER(Sheet1!BN156))=TRIM(LOWER(Sheet1!BN$1))) -> 0
